Datetime,Water Level (m)
2026-02-21 00:00:00,0.06770012
2026-02-21 01:00:00,-0.16252804
2026-02-21 02:00:00,-0.36133185
2026-02-21 03:00:00,-0.53395236
2026-02-21 04:00:00,-0.67768395
2026-02-21 05:00:00,-0.78018785
2026-02-21 06:00:00,-0.59294915
2026-02-21 07:00:00,-0.2181298
2026-02-21 08:00:00,0.16058138
2026-02-21 09:00:00,0.44584775
2026-02-21 10:00:00,0.5751181
2026-02-21 11:00:00,0.44813496
2026-02-21 12:00:00,0.16975537
2026-02-21 13:00:00,-0.08081673
2026-02-21 14:00:00,-0.28505746
2026-02-21 15:00:00,-0.46478838
2026-02-21 16:00:00,-0.60832816
2026-02-21 17:00:00,-0.6983681
2026-02-21 18:00:00,-0.47525942
2026-02-21 19:00:00,-0.13520348
2026-02-21 20:00:00,0.20636302
2026-02-21 21:00:00,0.46496496
2026-02-21 22:00:00,0.57710934
2026-02-21 23:00:00,0.45293337
2026-02-22 00:00:00,0.17418455
2026-02-22 01:00:00,-0.075419545
2026-02-22 02:00:00,-0.2808371
2026-02-22 03:00:00,-0.46549812
2026-02-22 04:00:00,-0.6203781
2026-02-22 05:00:00,-0.75117064
2026-02-22 06:00:00,-0.7701007
2026-02-22 07:00:00,-0.41141123
2026-02-22 08:00:00,-0.055202764
2026-02-22 09:00:00,0.26401344
2026-02-22 10:00:00,0.47973663
2026-02-22 11:00:00,0.51749945
2026-02-22 12:00:00,0.3316653
2026-02-22 13:00:00,0.07381397
2026-02-22 14:00:00,-0.14939605
2026-02-22 15:00:00,-0.33463255
2026-02-22 16:00:00,-0.4963486
2026-02-22 17:00:00,-0.62121254
2026-02-22 18:00:00,-0.6552734
2026-02-22 19:00:00,-0.3409605
2026-02-22 20:00:00,-0.014280711
2026-02-22 21:00:00,0.27736184
2026-02-22 22:00:00,0.46440336
2026-02-22 23:00:00,0.47467703
2026-02-23 00:00:00,0.26198062
2026-02-23 01:00:00,0.007717696
2026-02-23 02:00:00,-0.20814133
2026-02-23 03:00:00,-0.398274
2026-02-23 04:00:00,-0.5626039
2026-02-23 05:00:00,-0.6994655
2026-02-23 06:00:00,-0.79724723
2026-02-23 07:00:00,-0.64815855
2026-02-23 08:00:00,-0.32363313
2026-02-23 09:00:00,0.0030721857
2026-02-23 10:00:00,0.26584613
2026-02-23 11:00:00,0.4295397
2026-02-23 12:00:00,0.42671958
2026-02-23 13:00:00,0.22811086
2026-02-23 14:00:00,-0.007666414
2026-02-23 15:00:00,-0.20584927
2026-02-23 16:00:00,-0.3765208
2026-02-23 17:00:00,-0.5169392
2026-02-23 18:00:00,-0.6123639
2026-02-23 19:00:00,-0.54617244
2026-02-23 20:00:00,-0.2620214
2026-02-23 21:00:00,0.01391475
2026-02-23 22:00:00,0.22183348
2026-02-23 23:00:00,0.32667348
2026-02-24 00:00:00,0.26052013
2026-02-24 01:00:00,0.04362105
2026-02-24 02:00:00,-0.16938877
2026-02-24 03:00:00,-0.3581088
2026-02-24 04:00:00,-0.5226952
2026-02-24 05:00:00,-0.6585173
2026-02-24 06:00:00,-0.7686596
2026-02-24 07:00:00,-0.8039127
2026-02-24 08:00:00,-0.56435037
2026-02-24 09:00:00,-0.28679892
2026-02-24 10:00:00,-0.010376285
2026-02-24 11:00:00,0.20636815
2026-02-24 12:00:00,0.33663055
2026-02-24 13:00:00,0.32690796
2026-02-24 14:00:00,0.15664138
2026-02-24 15:00:00,-0.05250598
2026-02-24 16:00:00,-0.23383912
2026-02-24 17:00:00,-0.38733536
2026-02-24 18:00:00,-0.51098156
2026-02-24 19:00:00,-0.5886686
2026-02-24 20:00:00,-0.54349333
2026-02-24 21:00:00,-0.33234146
2026-02-24 22:00:00,-0.12977448
2026-02-24 23:00:00,0.027367238
2026-02-25 00:00:00,0.10380339
2026-02-25 01:00:00,0.057277028
2026-02-25 02:00:00,-0.10521915
2026-02-25 03:00:00,-0.27683613
2026-02-25 04:00:00,-0.43595925
2026-02-25 05:00:00,-0.575505
2026-02-25 06:00:00,-0.6914498
2026-02-25 07:00:00,-0.78190386
2026-02-25 08:00:00,-0.7924467
2026-02-25 09:00:00,-0.5816726
2026-02-25 10:00:00,-0.33167666
2026-02-25 11:00:00,-0.08517796
2026-02-25 12:00:00,0.12047645
2026-02-25 13:00:00,0.25459942
2026-02-25 14:00:00,0.28888935
2026-02-25 15:00:00,0.20371892
2026-02-25 16:00:00,0.019461853
2026-02-25 17:00:00,-0.16113313
2026-02-25 18:00:00,-0.31419125
2026-02-25 19:00:00,-0.44037884
2026-02-25 20:00:00,-0.5266551
2026-02-25 21:00:00,-0.55250466
2026-02-25 22:00:00,-0.43893844
2026-02-25 23:00:00,-0.26779225
2026-02-26 00:00:00,-0.1170772
2026-02-26 01:00:00,-0.035892997
2026-02-26 02:00:00,-0.029733727
2026-02-26 03:00:00,-0.11758057
2026-02-26 04:00:00,-0.25196463
2026-02-26 05:00:00,-0.3935526
2026-02-26 06:00:00,-0.5242315
2026-02-26 07:00:00,-0.6369303
2026-02-26 08:00:00,-0.72375923
2026-02-26 09:00:00,-0.7592153
2026-02-26 10:00:00,-0.633759
2026-02-26 11:00:00,-0.42029276
2026-02-26 12:00:00,-0.18315801
2026-02-26 13:00:00,0.038080893
2026-02-26 14:00:00,0.20808816
2026-02-26 15:00:00,0.31086075
2026-02-26 16:00:00,0.31667712
2026-02-26 17:00:00,0.19163217
2026-02-26 18:00:00,0.00073555106
2026-02-26 19:00:00,-0.1745287
2026-02-26 20:00:00,-0.3282517
2026-02-26 21:00:00,-0.45556647
2026-02-26 22:00:00,-0.54956275
2026-02-26 23:00:00,-0.5858675
2026-02-27 00:00:00,-0.4819213
